{"cameraMode":{"drawMode":0,"name":"Shaded","section":"Shading Mode"},"sceneLighting":false,"audioPlay":false,"sceneViewState":{"showFog":true,"showMaterialUpdate":false,"showSkybox":true,"showFlares":true,"showImageEffects":true,"showParticleSystems":true},"in2DMode":false,"pivot":{"x":0.06319443881511688,"y":0.1300329566001892,"z":1.8160440921783448},"rotation":{"x":-0.05647968128323555,"y":-0.933000385761261,"z":0.16833125054836274,"w":-0.313025563955307},"size":1.1121937036514283,"orthographic":false}