{"cameraMode":{"drawMode":0,"name":"Shaded","section":"Shading Mode"},"sceneLighting":false,"audioPlay":false,"sceneViewState":{"showFog":true,"showMaterialUpdate":false,"showSkybox":true,"showFlares":true,"showImageEffects":true,"showParticleSystems":true},"in2DMode":false,"pivot":{"x":6.24636697769165,"y":-8.366826057434082,"z":6.571420192718506},"rotation":{"x":0.18004824221134187,"y":0.34842801094055178,"z":-0.06838636845350266,"w":0.9173352122306824},"size":48.27539825439453,"orthographic":false}